<?xml version="1.0" encoding="UTF-8"?>
<!-- IMPORTANT: This is an internal file that has been generated
     by the Xilinx ISE software.  Any direct editing or
     changes made to this file may result in unpredictable
     behavior or data corruption.  It is strongly advised that
     users do not edit the contents of this file. -->
<DeviceUsageSummary rev="10">
<DesignStatistics TimeStamp="Tue Apr 08 00:00:22 2025"><group name="NetStatistics">
<item name="NumNets_Active" rev="10">
<attrib name="value" value="166"/></item>
<item name="NumNets_Gnd" rev="10">
<attrib name="value" value="1"/></item>
<item name="NumNets_Vcc" rev="10">
<attrib name="value" value="1"/></item>
<item name="NumNodesOfType_Active_BOUNCEACROSS" rev="10">
<attrib name="value" value="9"/></item>
<item name="NumNodesOfType_Active_BOUNCEIN" rev="10">
<attrib name="value" value="28"/></item>
<item name="NumNodesOfType_Active_BUFGOUT" rev="10">
<attrib name="value" value="2"/></item>
<item name="NumNodesOfType_Active_BUFHINP2OUT" rev="10">
<attrib name="value" value="3"/></item>
<item name="NumNodesOfType_Active_CLKPIN" rev="10">
<attrib name="value" value="22"/></item>
<item name="NumNodesOfType_Active_CLKPINFEED" rev="10">
<attrib name="value" value="3"/></item>
<item name="NumNodesOfType_Active_CNTRLPIN" rev="10">
<attrib name="value" value="9"/></item>
<item name="NumNodesOfType_Active_DOUBLE" rev="10">
<attrib name="value" value="99"/></item>
<item name="NumNodesOfType_Active_GENERIC" rev="10">
<attrib name="value" value="20"/></item>
<item name="NumNodesOfType_Active_GLOBAL" rev="10">
<attrib name="value" value="19"/></item>
<item name="NumNodesOfType_Active_INPUT" rev="10">
<attrib name="value" value="7"/></item>
<item name="NumNodesOfType_Active_IOBIN2OUT" rev="10">
<attrib name="value" value="17"/></item>
<item name="NumNodesOfType_Active_IOBOUTPUT" rev="10">
<attrib name="value" value="17"/></item>
<item name="NumNodesOfType_Active_LUTINPUT" rev="10">
<attrib name="value" value="366"/></item>
<item name="NumNodesOfType_Active_OUTBOUND" rev="10">
<attrib name="value" value="126"/></item>
<item name="NumNodesOfType_Active_OUTPUT" rev="10">
<attrib name="value" value="135"/></item>
<item name="NumNodesOfType_Active_PADINPUT" rev="10">
<attrib name="value" value="16"/></item>
<item name="NumNodesOfType_Active_PADOUTPUT" rev="10">
<attrib name="value" value="3"/></item>
<item name="NumNodesOfType_Active_PINBOUNCE" rev="10">
<attrib name="value" value="68"/></item>
<item name="NumNodesOfType_Active_PINFEED" rev="10">
<attrib name="value" value="415"/></item>
<item name="NumNodesOfType_Active_QUAD" rev="10">
<attrib name="value" value="133"/></item>
<item name="NumNodesOfType_Active_SINGLE" rev="10">
<attrib name="value" value="206"/></item>
<item name="NumNodesOfType_Vcc_GENERIC" rev="10">
<attrib name="value" value="8"/></item>
<item name="NumNodesOfType_Vcc_HVCCOUT" rev="10">
<attrib name="value" value="23"/></item>
<item name="NumNodesOfType_Vcc_IOBIN2OUT" rev="10">
<attrib name="value" value="8"/></item>
<item name="NumNodesOfType_Vcc_IOBOUTPUT" rev="10">
<attrib name="value" value="8"/></item>
<item name="NumNodesOfType_Vcc_LUTINPUT" rev="10">
<attrib name="value" value="42"/></item>
<item name="NumNodesOfType_Vcc_PADINPUT" rev="10">
<attrib name="value" value="8"/></item>
<item name="NumNodesOfType_Vcc_PINFEED" rev="10">
<attrib name="value" value="50"/></item>
</group>
<group name="SiteStatistics">
<item name="BUFG-BUFGMUX" rev="10">
<attrib name="value" value="2"/></item>
<item name="IOB-IOBM" rev="10">
<attrib name="value" value="17"/></item>
<item name="IOB-IOBS" rev="10">
<attrib name="value" value="18"/></item>
<item name="SLICEX-SLICEL" rev="10">
<attrib name="value" value="4"/></item>
<item name="SLICEX-SLICEM" rev="10">
<attrib name="value" value="6"/></item>
</group>
<group name="MiscellaneousStatistics">
<item name="AGG_BONDED_IO" rev="9">
<attrib name="value" value="35"/></item>
<item name="AGG_IO" rev="9">
<attrib name="value" value="35"/></item>
<item name="AGG_SLICE" rev="9">
<attrib name="value" value="33"/></item>
<item name="NUM_BONDED_IOB" rev="9">
<attrib name="value" value="35"/></item>
<item name="NUM_BSFULL" rev="9">
<attrib name="value" value="50"/></item>
<item name="NUM_BSLUTONLY" rev="9">
<attrib name="value" value="50"/></item>
<item name="NUM_BSUSED" rev="9">
<attrib name="value" value="100"/></item>
<item name="NUM_BUFG" rev="9">
<attrib name="value" value="2"/></item>
<item name="NUM_LOGIC_O5ANDO6" rev="9">
<attrib name="value" value="20"/></item>
<item name="NUM_LOGIC_O5ONLY" rev="9">
<attrib name="value" value="22"/></item>
<item name="NUM_LOGIC_O6ONLY" rev="9">
<attrib name="value" value="57"/></item>
<item name="NUM_LUT_RT_DRIVES_CARRY4" rev="9">
<attrib name="value" value="1"/></item>
<item name="NUM_LUT_RT_EXO6" rev="9">
<attrib name="value" value="1"/></item>
<item name="NUM_LUT_RT_O6" rev="9">
<attrib name="value" value="22"/></item>
<item name="NUM_SLICEL" rev="9">
<attrib name="value" value="6"/></item>
<item name="NUM_SLICEX" rev="9">
<attrib name="value" value="27"/></item>
<item name="NUM_SLICE_CARRY4" rev="9">
<attrib name="value" value="6"/></item>
<item name="NUM_SLICE_CONTROLSET" rev="9">
<attrib name="value" value="11"/></item>
<item name="NUM_SLICE_CYINIT" rev="9">
<attrib name="value" value="143"/></item>
<item name="NUM_SLICE_FF" rev="9">
<attrib name="value" value="56"/></item>
<item name="NUM_SLICE_UNUSEDCTRL" rev="9">
<attrib name="value" value="11"/></item>
<item name="NUM_UNUSABLE_FF_BELS" rev="9">
<attrib name="value" value="56"/></item>
</group>
</DesignStatistics>
<DeviceUsage TimeStamp="Tue Apr 08 00:00:22 2025"><group name="SiteSummary">
<item name="BUFG" rev="10">
<attrib name="total" value="1000000"/><attrib name="used" value="2"/></item>
<item name="BUFG_BUFG" rev="10">
<attrib name="total" value="1000000"/><attrib name="used" value="2"/></item>
<item name="CARRY4" rev="10">
<attrib name="total" value="1000000"/><attrib name="used" value="6"/></item>
<item name="FF_SR" rev="10">
<attrib name="total" value="1000000"/><attrib name="used" value="9"/></item>
<item name="HARD0" rev="10">
<attrib name="total" value="1000000"/><attrib name="used" value="1"/></item>
<item name="IOB" rev="10">
<attrib name="total" value="1000000"/><attrib name="used" value="35"/></item>
<item name="IOB_IMUX" rev="10">
<attrib name="total" value="1000000"/><attrib name="used" value="3"/></item>
<item name="IOB_INBUF" rev="10">
<attrib name="total" value="1000000"/><attrib name="used" value="3"/></item>
<item name="IOB_OUTBUF" rev="10">
<attrib name="total" value="1000000"/><attrib name="used" value="32"/></item>
<item name="LUT5" rev="10">
<attrib name="total" value="1000000"/><attrib name="used" value="42"/></item>
<item name="LUT6" rev="10">
<attrib name="total" value="1000000"/><attrib name="used" value="100"/></item>
<item name="PAD" rev="10">
<attrib name="total" value="1000000"/><attrib name="used" value="35"/></item>
<item name="REG_SR" rev="10">
<attrib name="total" value="1000000"/><attrib name="used" value="47"/></item>
<item name="SLICEL" rev="10">
<attrib name="total" value="1000000"/><attrib name="used" value="6"/></item>
<item name="SLICEX" rev="10">
<attrib name="total" value="1000000"/><attrib name="used" value="27"/></item>
</group>
</DeviceUsage>
<ReportConfigData TimeStamp="Tue Apr 08 00:00:22 2025"><group name="REG_SR">
<item name="CK" rev="10">
<attrib name="CK" value="47"/><attrib name="CK_INV" value="0"/></item>
<item name="LATCH_OR_FF" rev="10">
<attrib name="FF" value="47"/></item>
<item name="SRINIT" rev="10">
<attrib name="SRINIT0" value="47"/></item>
<item name="SYNC_ATTR" rev="10">
<attrib name="ASYNC" value="34"/><attrib name="SYNC" value="13"/></item>
</group>
<group name="IOB_OUTBUF">
<item name="DRIVEATTRBOX" rev="10">
<attrib name="12" value="32"/></item>
<item name="SLEW" rev="10">
<attrib name="SLOW" value="32"/></item>
<item name="SUSPEND" rev="10">
<attrib name="3STATE" value="32"/></item>
</group>
<group name="SLICEX">
<item name="CLK" rev="10">
<attrib name="CLK" value="22"/><attrib name="CLK_INV" value="0"/></item>
</group>
<group name="FF_SR">
<item name="CK" rev="10">
<attrib name="CK" value="9"/><attrib name="CK_INV" value="0"/></item>
<item name="SRINIT" rev="10">
<attrib name="SRINIT0" value="9"/></item>
<item name="SYNC_ATTR" rev="10">
<attrib name="ASYNC" value="4"/><attrib name="SYNC" value="5"/></item>
</group>
</ReportConfigData>
<ReportPinData TimeStamp="Tue Apr 08 00:00:22 2025"><group name="REG_SR">
<item name="CK" rev="10">
<attrib name="value" value="47"/></item>
<item name="D" rev="10">
<attrib name="value" value="47"/></item>
<item name="Q" rev="10">
<attrib name="value" value="47"/></item>
<item name="SR" rev="10">
<attrib name="value" value="18"/></item>
</group>
<group name="SLICEL">
<item name="A5" rev="10">
<attrib name="value" value="6"/></item>
<item name="A6" rev="10">
<attrib name="value" value="6"/></item>
<item name="AMUX" rev="10">
<attrib name="value" value="6"/></item>
<item name="B5" rev="10">
<attrib name="value" value="6"/></item>
<item name="B6" rev="10">
<attrib name="value" value="6"/></item>
<item name="BMUX" rev="10">
<attrib name="value" value="6"/></item>
<item name="C5" rev="10">
<attrib name="value" value="6"/></item>
<item name="C6" rev="10">
<attrib name="value" value="6"/></item>
<item name="CIN" rev="10">
<attrib name="value" value="5"/></item>
<item name="CMUX" rev="10">
<attrib name="value" value="6"/></item>
<item name="COUT" rev="10">
<attrib name="value" value="5"/></item>
<item name="D5" rev="10">
<attrib name="value" value="5"/></item>
<item name="D6" rev="10">
<attrib name="value" value="6"/></item>
<item name="DMUX" rev="10">
<attrib name="value" value="6"/></item>
</group>
<group name="IOB_OUTBUF">
<item name="IN" rev="10">
<attrib name="value" value="32"/></item>
<item name="OUT" rev="10">
<attrib name="value" value="32"/></item>
</group>
<group name="SLICEX">
<item name="A" rev="10">
<attrib name="value" value="8"/></item>
<item name="A1" rev="10">
<attrib name="value" value="6"/></item>
<item name="A2" rev="10">
<attrib name="value" value="15"/></item>
<item name="A3" rev="10">
<attrib name="value" value="18"/></item>
<item name="A4" rev="10">
<attrib name="value" value="24"/></item>
<item name="A5" rev="10">
<attrib name="value" value="19"/></item>
<item name="A6" rev="10">
<attrib name="value" value="19"/></item>
<item name="AMUX" rev="10">
<attrib name="value" value="2"/></item>
<item name="AQ" rev="10">
<attrib name="value" value="18"/></item>
<item name="B" rev="10">
<attrib name="value" value="4"/></item>
<item name="B1" rev="10">
<attrib name="value" value="4"/></item>
<item name="B2" rev="10">
<attrib name="value" value="13"/></item>
<item name="B3" rev="10">
<attrib name="value" value="15"/></item>
<item name="B4" rev="10">
<attrib name="value" value="18"/></item>
<item name="B5" rev="10">
<attrib name="value" value="16"/></item>
<item name="B6" rev="10">
<attrib name="value" value="18"/></item>
<item name="BMUX" rev="10">
<attrib name="value" value="7"/></item>
<item name="BQ" rev="10">
<attrib name="value" value="14"/></item>
<item name="C" rev="10">
<attrib name="value" value="9"/></item>
<item name="C1" rev="10">
<attrib name="value" value="5"/></item>
<item name="C2" rev="10">
<attrib name="value" value="16"/></item>
<item name="C3" rev="10">
<attrib name="value" value="17"/></item>
<item name="C4" rev="10">
<attrib name="value" value="17"/></item>
<item name="C5" rev="10">
<attrib name="value" value="17"/></item>
<item name="C6" rev="10">
<attrib name="value" value="17"/></item>
<item name="CLK" rev="10">
<attrib name="value" value="22"/></item>
<item name="CMUX" rev="10">
<attrib name="value" value="5"/></item>
<item name="CQ" rev="10">
<attrib name="value" value="8"/></item>
<item name="D" rev="10">
<attrib name="value" value="10"/></item>
<item name="D1" rev="10">
<attrib name="value" value="5"/></item>
<item name="D2" rev="10">
<attrib name="value" value="14"/></item>
<item name="D3" rev="10">
<attrib name="value" value="17"/></item>
<item name="D4" rev="10">
<attrib name="value" value="17"/></item>
<item name="D5" rev="10">
<attrib name="value" value="17"/></item>
<item name="D6" rev="10">
<attrib name="value" value="17"/></item>
<item name="DMUX" rev="10">
<attrib name="value" value="5"/></item>
<item name="DQ" rev="10">
<attrib name="value" value="7"/></item>
<item name="SR" rev="10">
<attrib name="value" value="9"/></item>
</group>
<group name="BUFG_BUFG">
<item name="I0" rev="10">
<attrib name="value" value="2"/></item>
<item name="O" rev="10">
<attrib name="value" value="2"/></item>
</group>
<group name="PAD">
<item name="PAD" rev="10">
<attrib name="value" value="35"/></item>
</group>
<group name="IOB_INBUF">
<item name="OUT" rev="10">
<attrib name="value" value="3"/></item>
<item name="PAD" rev="10">
<attrib name="value" value="3"/></item>
</group>
<group name="CARRY4">
<item name="CIN" rev="10">
<attrib name="value" value="5"/></item>
<item name="CO3" rev="10">
<attrib name="value" value="5"/></item>
<item name="CYINIT" rev="10">
<attrib name="value" value="1"/></item>
<item name="DI0" rev="10">
<attrib name="value" value="6"/></item>
<item name="DI1" rev="10">
<attrib name="value" value="6"/></item>
<item name="DI2" rev="10">
<attrib name="value" value="6"/></item>
<item name="DI3" rev="10">
<attrib name="value" value="5"/></item>
<item name="O0" rev="10">
<attrib name="value" value="6"/></item>
<item name="O1" rev="10">
<attrib name="value" value="6"/></item>
<item name="O2" rev="10">
<attrib name="value" value="6"/></item>
<item name="O3" rev="10">
<attrib name="value" value="6"/></item>
<item name="S0" rev="10">
<attrib name="value" value="6"/></item>
<item name="S1" rev="10">
<attrib name="value" value="6"/></item>
<item name="S2" rev="10">
<attrib name="value" value="6"/></item>
<item name="S3" rev="10">
<attrib name="value" value="6"/></item>
</group>
<group name="LUT5">
<item name="A1" rev="10">
<attrib name="value" value="3"/></item>
<item name="A2" rev="10">
<attrib name="value" value="13"/></item>
<item name="A3" rev="10">
<attrib name="value" value="16"/></item>
<item name="A4" rev="10">
<attrib name="value" value="12"/></item>
<item name="A5" rev="10">
<attrib name="value" value="16"/></item>
<item name="O5" rev="10">
<attrib name="value" value="42"/></item>
</group>
<group name="LUT6">
<item name="A1" rev="10">
<attrib name="value" value="17"/></item>
<item name="A2" rev="10">
<attrib name="value" value="55"/></item>
<item name="A3" rev="10">
<attrib name="value" value="65"/></item>
<item name="A4" rev="10">
<attrib name="value" value="76"/></item>
<item name="A5" rev="10">
<attrib name="value" value="92"/></item>
<item name="A6" rev="10">
<attrib name="value" value="95"/></item>
<item name="O6" rev="10">
<attrib name="value" value="100"/></item>
</group>
<group name="IOB_IMUX">
<item name="I" rev="10">
<attrib name="value" value="3"/></item>
<item name="OUT" rev="10">
<attrib name="value" value="3"/></item>
</group>
<group name="IOB">
<item name="I" rev="10">
<attrib name="value" value="3"/></item>
<item name="O" rev="10">
<attrib name="value" value="32"/></item>
<item name="PAD" rev="10">
<attrib name="value" value="35"/></item>
</group>
<group name="HARD0">
<item name="0" rev="10">
<attrib name="value" value="1"/></item>
</group>
<group name="FF_SR">
<item name="CK" rev="10">
<attrib name="value" value="9"/></item>
<item name="D" rev="10">
<attrib name="value" value="9"/></item>
<item name="Q" rev="10">
<attrib name="value" value="9"/></item>
<item name="SR" rev="10">
<attrib name="value" value="8"/></item>
</group>
<group name="BUFG">
<item name="I0" rev="10">
<attrib name="value" value="2"/></item>
<item name="O" rev="10">
<attrib name="value" value="2"/></item>
</group>
</ReportPinData>
<CmdHistory>
</CmdHistory>
</DeviceUsageSummary>
